asset_path,asset_sha256,source_session_id,source_output_call_id,source_output_sha256,pixel_rmse,nearest_match_margin,match_confidence,generation_class,source_chain_status,unresolved_references,request_sha256
artifacts/luminae/src/assets/civilization/chronicle-triangulation-orthe-v1.jpg,b9f91326bae02e20d3755e14f0695ab5618c0af42fa794add1cc91dcc505cc18,019feaf0-02f7-71b0-970e-38fd223cd3b2,exec-95ad32a9-cdf0-4e3a-9f38-5a9cac5e9791,0a0c7464a325e890be92e4847a4d14204735c90891360e338483088612e9723b,0.010311,0.045252,HIGH_PIXEL_MATCH,REFERENCE_BASED,FULLY_RECORDED,,3445081985a750f0f595d511b8c643e8d9065d72244610099547e4d47d18b1d0
artifacts/luminae/src/assets/civilization/civilization-plate-galactic-accord-v1.jpg,2bdbc0d2d353dbe1b1448b9a3eb2c2b434a6ec872c4893c9af50f882817d6aa8,019feaf0-02f7-71b0-970e-38fd223cd3b2,call_yfDQJ38TUrt54wqIm3pNkOOk,10fb4649ef3b59a7f70ef1452df309a6fd97d6f55f82d2d2de005b53f641aa7d,0.010863,0.096142,HIGH_PIXEL_MATCH,REFERENCE_BASED,FULLY_RECORDED,,9028c08f9382f550a48295f0c8c4d18007ee02f4bc6633ef688457dc90bb5bc6
artifacts/luminae/src/assets/civilization/civilization-plate-galactic-archive-v1.jpg,6aed6f517f471d89981401fa0b9a1dfdcafde1c0463a5cfe0628a001acbfe45b,019feaf0-02f7-71b0-970e-38fd223cd3b2,call_j0x1AdSOOJqlw19kGbZlIbDE,d711c54e0c6110f5a53ced106735b2304753b9608acb121aaa4ba480c33df111,0.011284,0.086529,HIGH_PIXEL_MATCH,REFERENCE_BASED,FULLY_RECORDED,,95f70f02243c1eb93eec62c32d0d1064c8576ff53afe1733455fb883ec61d50b
artifacts/luminae/src/assets/civilization/civilization-plate-galactic-containment-v1.jpg,12a59508befeb8c6be6daea8b897e659cf36829aa7fde0c04e23a061cebb49ea,019feaf0-02f7-71b0-970e-38fd223cd3b2,call_nMePstwybaWhFeeA3lWAOXVZ,c5279474f2c4e23bd5408fa1e64d4e6dc67f2f91eba122f4f528483399c04e92,0.010475,0.079981,HIGH_PIXEL_MATCH,REFERENCE_BASED,FULLY_RECORDED,,70748fae0845ac893d2de30ff849637ec769e1cfec9d216af3f896c87ea3d550
artifacts/luminae/src/assets/civilization/civilization-plate-galactic-forge-v1.jpg,50b6ac3cee67a7b540d34926f197e5c5e57be7cfb1427cc85904431c06ed458f,019feaf0-02f7-71b0-970e-38fd223cd3b2,call_MT8ufkd0LPMnhvBpDUaOD5lg,b59c38d8ecf0400c9f51370c79b7cf7c96bb77117303e402626dcb104bdaac14,0.014223,0.093752,HIGH_PIXEL_MATCH,REFERENCE_BASED,FULLY_RECORDED,,741592ec10d6cfc28f53a14349ae284807e431240f97a41bd82a4b53f288c7b3
artifacts/luminae/src/assets/civilization/civilization-plate-galactic-living-v1.jpg,b6b7cb5db222565e4ceefaae921c2f2adcf4bc8c8306a7aa52641765f324e097,019feaf0-02f7-71b0-970e-38fd223cd3b2,call_AF8rye5S0E7cDHs0bmfuPyDL,d3e28469cf655ec7f12a395f893579bacbb86c9a106f39081fd45c2277e1d28b,0.009632,0.056551,HIGH_PIXEL_MATCH,REFERENCE_BASED,FULLY_RECORDED,,707ada5ee12c30a26c13b9b481fc3272dca9b8c51fd7da1850011cab09296159
artifacts/luminae/src/assets/civilization/civilization-plate-galactic-route-v1.jpg,172e2e9d6c62e3c742c6880414db183f5f53c6b98717d61c02888566ece9a497,019feaf0-02f7-71b0-970e-38fd223cd3b2,call_HnjUuo1Pll37Yf0gLA2qhhZZ,4bc83b52d6b40745c5c929eb2221554c046ea5dfcb71f630de2aa4182cf3ba56,0.012265,0.064087,HIGH_PIXEL_MATCH,REFERENCE_BASED,FULLY_RECORDED,,a6fb408d8dc3a53db2ef155dfa21d825321ba1740f89be723db3aa97c4b6a3ea
artifacts/luminae/src/assets/civilization/civilization-plate-galactic-v1.png,a5f1fae024a59ad8f39654ed21ff194d5467b2f532d904ef7e443b920001bdc1,019feaf0-02f7-71b0-970e-38fd223cd3b2,call_AbMY9doNEeKpEBOyXjWhX944,a5f1fae024a59ad8f39654ed21ff194d5467b2f532d904ef7e443b920001bdc1,0.000000,0.109954,EXACT_BINARY,TEXT_ONLY,FULLY_RECORDED,,7966475cb6faaeb836cbe2df6d98b887d0ad40c32e164c66d1def9df226f12a8
artifacts/luminae/src/assets/civilization/civilization-plate-galactic-v2-neutral.png,ba0992aa77f93bae2f7680dbf76e91759ff4121882a00834ff1c54e882773d2f,019feaf0-02f7-71b0-970e-38fd223cd3b2,call_oRA3VNPtNuCHc1dWGDHqn87I,ba0992aa77f93bae2f7680dbf76e91759ff4121882a00834ff1c54e882773d2f,0.000000,0.065262,EXACT_BINARY,TEXT_ONLY,FULLY_RECORDED,,91d29bce812da8ad0fc38972330e946e04f2ae6f886bda1f66f0b334dd545731
artifacts/luminae/src/assets/civilization/civilization-plate-galactic-v2-neutral_runtime.webp,ea125a48b41572fd3d01907f1a28e402f8070ee835f3ca06746b8eee417894b3,019feaf0-02f7-71b0-970e-38fd223cd3b2,call_oRA3VNPtNuCHc1dWGDHqn87I,ba0992aa77f93bae2f7680dbf76e91759ff4121882a00834ff1c54e882773d2f,0.007392,0.057293,HIGH_PIXEL_MATCH,TEXT_ONLY,FULLY_RECORDED,,91d29bce812da8ad0fc38972330e946e04f2ae6f886bda1f66f0b334dd545731
artifacts/luminae/src/assets/civilization/civilization-plate-orbit-accord-v1.jpg,2fc133cf6ef7b34252c9a36ce6951210437cb1df825fda1d817cff281d21770e,019feaf0-02f7-71b0-970e-38fd223cd3b2,call_OFbVwhA6qTSerphkuEtyISob,9f552e7ab8cbb01ba425f46d25e68903a53c9f89614c635d546dc72cd94bb8f2,0.011249,0.080616,HIGH_PIXEL_MATCH,REFERENCE_BASED,FULLY_RECORDED,,fd803a3dca3585544d68423b788f1a23dbd0dddb49857c8fc09a9837df47cf39
artifacts/luminae/src/assets/civilization/civilization-plate-orbit-containment-v1.jpg,36aa1b39d28b316892127bfe329992b98ec7793831b76f5a0dbbd70dc234019d,019feaf0-02f7-71b0-970e-38fd223cd3b2,call_A1kBOkVwWdzLd5xD85lW7kGR,374a6e1ef79b77368110d4c8b86153133ed009074082cde247d0294fc8eb9862,0.010911,0.116524,HIGH_PIXEL_MATCH,REFERENCE_BASED,FULLY_RECORDED,,84cf7e5156d0b200325ad64b89c2ea1312cacc4e1e4d61e805400f6835ce935c
artifacts/luminae/src/assets/civilization/civilization-plate-orbit-forge-v1.jpg,0382a3d05272381c132527965719be5795e6d46f0a59b2528592572b6346b2a3,019feaf0-02f7-71b0-970e-38fd223cd3b2,call_D6W8qYwRZqL4axpCxG9rXfGN,06db441a18992dab723d7521b34e5071829311a6b5e6f903cabae54b610e9822,0.013220,0.127618,HIGH_PIXEL_MATCH,REFERENCE_BASED,FULLY_RECORDED,,5255a5ede23f00f26390fe34d5c87a074391ffb3047e73f4fce3c36f380ad13c
artifacts/luminae/src/assets/civilization/civilization-plate-orbit-living-v1.jpg,e6b7a1cae4a939d75fa3adc3540971ccd42b66d932ea45b2bfa5fc9b7612922d,019feaf0-02f7-71b0-970e-38fd223cd3b2,call_LohNsiR3xEZBeiU8q50lnlee,917cb4cb58edab2c27b20f76472afca6a9a614d48fe9139920b52622f8df3592,0.012422,0.106959,HIGH_PIXEL_MATCH,REFERENCE_BASED,FULLY_RECORDED,,3c38dd02a884e36a4fda779028982681531577386c5a8f066d7978e2111cffa8
artifacts/luminae/src/assets/civilization/civilization-plate-orbit-route-v1.jpg,145d0f5cf04fd4db1d868c61dfab62e2c08e88dbceda9e18b6b3eb15e627cc61,019feaf0-02f7-71b0-970e-38fd223cd3b2,call_rNJVrTkqRZGw376VlPAd7Lh1,70d7058e08f9ab384dd3f5628a47ad81b35c58d1c952fbc919325ab353dd2ccf,0.010871,0.083605,HIGH_PIXEL_MATCH,REFERENCE_BASED,FULLY_RECORDED,,f992e30350f6d17719f080c54ae45ffd2f4e01c9f0d2c1e207c10a2530aa9a9f
artifacts/luminae/src/assets/civilization/civilization-plate-planetary-v1.png,2b20e54dcd157a8e31e554313c2495e7ae3929ab1fcece93d43c716268519374,019feaf0-02f7-71b0-970e-38fd223cd3b2,call_Eq5CEi9CIvJ0rITptzzlgXeK,2b20e54dcd157a8e31e554313c2495e7ae3929ab1fcece93d43c716268519374,0.000000,0.126521,EXACT_BINARY,TEXT_ONLY,FULLY_RECORDED,,927c5cd2c3c6e5dc8529bc4d25974ce040a9245e9cef8c0cd91f492e076cd1f4
artifacts/luminae/src/assets/civilization/civilization-plate-planetary-v1_runtime.webp,52e0ff386a1bd4173c7bd8cc56af333d2aa00f4c909a03f115e43a5bbd5bf1c2,019feaf0-02f7-71b0-970e-38fd223cd3b2,call_Eq5CEi9CIvJ0rITptzzlgXeK,2b20e54dcd157a8e31e554313c2495e7ae3929ab1fcece93d43c716268519374,0.009043,0.117219,HIGH_PIXEL_MATCH,TEXT_ONLY,FULLY_RECORDED,,927c5cd2c3c6e5dc8529bc4d25974ce040a9245e9cef8c0cd91f492e076cd1f4
artifacts/luminae/src/assets/civilization/civilization-plate-planetary-v2-neutral.png,8e7d9cc2f6852af3d386001cebe1e46b818da768f0661320ecc7372ba5abbfd4,019feaf0-02f7-71b0-970e-38fd223cd3b2,call_9w413o2dIEebJbJlFu9TEXCN,8e7d9cc2f6852af3d386001cebe1e46b818da768f0661320ecc7372ba5abbfd4,0.000000,0.120135,EXACT_BINARY,TEXT_ONLY,FULLY_RECORDED,,d1ce2cfb39dfba542f2e0371ec9adde8802f3dfad9fd88d69b612ba1d3c11a6f
artifacts/luminae/src/assets/civilization/civilization-plate-planetary-v2-neutral_runtime.webp,cbdbd73b98fbc919b9d80b1fcdbdcc11d0e9a3200f1e78b25d6ba5c4095ccab0,019feaf0-02f7-71b0-970e-38fd223cd3b2,call_9w413o2dIEebJbJlFu9TEXCN,8e7d9cc2f6852af3d386001cebe1e46b818da768f0661320ecc7372ba5abbfd4,0.007421,0.112289,HIGH_PIXEL_MATCH,TEXT_ONLY,FULLY_RECORDED,,d1ce2cfb39dfba542f2e0371ec9adde8802f3dfad9fd88d69b612ba1d3c11a6f
artifacts/luminae/src/assets/civilization/civilization-plate-stellar-archive-v1.jpg,c7ef71e3cf1492615da1132d6b25eb12875ec695eaebec512c48e47ab32644d9,019feaf0-02f7-71b0-970e-38fd223cd3b2,call_PlcIW7hcSQfVToXbB6UvYxKP,93bcf6bc8a0101012073297290a4558f02618573e3a81fed9a6e1cab378edc00,0.007900,0.086333,HIGH_PIXEL_MATCH,REFERENCE_BASED,FULLY_RECORDED,,521ca52dc36031741eb4c980f758182e5bd6e3716c70516a4732d9e05f267b5d
artifacts/luminae/src/assets/civilization/civilization-plate-stellar-containment-v1.jpg,d0960fa16555b955187401b4b6bc0d7c8d278939ebfe7144c77b34946af796cc,019feaf0-02f7-71b0-970e-38fd223cd3b2,call_2nNDjQMtAiIkEttEUEHtmk8g,bcff6a28dfbc8fd856d19b63fef08a3aaacd48b49e255cda6e43880674eba74c,0.007987,0.085135,HIGH_PIXEL_MATCH,REFERENCE_BASED,FULLY_RECORDED,,699f74a3bfb69eebe18445e668e776b349a83e523fef8f0e11847cc5fce0f7d3
artifacts/luminae/src/assets/civilization/civilization-plate-stellar-forge-v1.jpg,adfd5c5d0a66ca386840d42163bb15bcedba24dcd63484b10b048ad8e774ec56,019feaf0-02f7-71b0-970e-38fd223cd3b2,call_VEH1QrmoJzytPqYIvJEsiR7V,4521f2dc986347e9312c318a80538d6ce097e8ccf87928f5b52d14b47501ffca,0.012966,0.106145,HIGH_PIXEL_MATCH,REFERENCE_BASED,FULLY_RECORDED,,48ae9c36506a8169c88ef3e9fe1029b43544844af81444d4b7feaaf5074d1d6c
artifacts/luminae/src/assets/civilization/civilization-plate-stellar-living-v1.jpg,1d865c0233419a96cd05519a68601244e54ec5d8e9c2f8ebb080798a7aa1e98a,019feaf0-02f7-71b0-970e-38fd223cd3b2,call_uJLVDNgw3mfEh6rpBxYRjNFh,45349869cb2501e5b11af345ba8d83cb4ba32fe474bc24cfa31ea7f2551a4724,0.010076,0.091994,HIGH_PIXEL_MATCH,REFERENCE_BASED,FULLY_RECORDED,,7a419ddc7709faf1ec5c074c9cdc3d2bdb2d2dff32bc087be92cffea044940e0
artifacts/luminae/src/assets/civilization/civilization-plate-stellar-route-v1.jpg,9bfbcd870912dd1ead40c0d6c612e24c26e6e5dd14444db4c604a89c292e10ba,019feaf0-02f7-71b0-970e-38fd223cd3b2,call_uE0Aq8zWXsoouGZtGrdoWJU1,d0632e9a806c2bc7aee938a0163f4ab4a0a04251d5813ec691b3c930da87c95a,0.014271,0.105159,HIGH_PIXEL_MATCH,REFERENCE_BASED,FULLY_RECORDED,,73147cf2254b60f4893f605991e3691b4d21db14b1aaa3c6429351f7362fd82d
artifacts/luminae/src/assets/civilization/civilization-plate-stellar-v1.png,025cc2c89aaf0b1e67e43fbe49b15c8a53a5b734d286bebba4fbf45ea2bd9f9d,019feaf0-02f7-71b0-970e-38fd223cd3b2,call_rQRZsc28qmrMCgnxgO8aSH7u,025cc2c89aaf0b1e67e43fbe49b15c8a53a5b734d286bebba4fbf45ea2bd9f9d,0.000000,0.151427,EXACT_BINARY,TEXT_ONLY,FULLY_RECORDED,,c858752cdacfd68a6644204fdddd70624cfff49fe4971f62eb1e767345f6767c
artifacts/luminae/src/assets/civilization/civilization-plate-stellar-v2-neutral.png,ac7e31e8fc5dcc45476937d8630b70ed90ed521fcabe8d30c5603363d3a0c9d3,019feaf0-02f7-71b0-970e-38fd223cd3b2,call_gyujkWRXW0KGNwxWBv40FOJv,ac7e31e8fc5dcc45476937d8630b70ed90ed521fcabe8d30c5603363d3a0c9d3,0.000000,0.095997,EXACT_BINARY,TEXT_ONLY,FULLY_RECORDED,,084d9fbeb4d9cd4a93b658970b1cf0f458bf9f78050b904d1857b55b959bba06
artifacts/luminae/src/assets/civilization/civilization-plate-stellar-v2-neutral_runtime.webp,71fce6fca3aef047b4a1d1952059cdb4fede8c740a674243d13a9fae771e176a,019feaf0-02f7-71b0-970e-38fd223cd3b2,call_gyujkWRXW0KGNwxWBv40FOJv,ac7e31e8fc5dcc45476937d8630b70ed90ed521fcabe8d30c5603363d3a0c9d3,0.005834,0.089644,HIGH_PIXEL_MATCH,TEXT_ONLY,FULLY_RECORDED,,084d9fbeb4d9cd4a93b658970b1cf0f458bf9f78050b904d1857b55b959bba06
artifacts/luminae/src/assets/civilization/civilization-plate-surface-containment-v1.jpg,98dcb42cb2a0b9827603411f7850fbbd732fdce4e730f2fcba230208cf978afe,019feaf0-02f7-71b0-970e-38fd223cd3b2,call_j7xo8XcX1MuJhLbkxUUxt5eC,62aa6442cf55b5c8b942001d71a5bf8001d256cf6963971aae03d56dce9bf136,0.011531,0.081970,HIGH_PIXEL_MATCH,REFERENCE_BASED,FULLY_RECORDED,,8b9938b6c90105b56d3250658a57524d621bfe5d6f7923de88921b28be0d1cb4
artifacts/luminae/src/assets/civilization/civilization-plate-surface-forge-v1.jpg,c5ebf17c8a10e5ef79c87d687af962d8c4c83956ac9a1dd0000805f08f4aa653,019feaf0-02f7-71b0-970e-38fd223cd3b2,call_DnkOc8Q6ZLYloCXnjtDNUleP,03b5091b981430149f2b8901c02c054307b1abb3945087ffead6131969b16979,0.014805,0.129472,HIGH_PIXEL_MATCH,REFERENCE_BASED,FULLY_RECORDED,,02dff88d524d90304e52432f21b958896180b149ce3f569879cc236e4bb669c3
artifacts/luminae/src/assets/civilization/civilization-plate-surface-living-v1.jpg,07d5e53d52c6160a10bc43e97510fadf9b8266694de1c91cf913de893e30b410,019feaf0-02f7-71b0-970e-38fd223cd3b2,call_H1n9XCvAoN3ixK8J8s9EQxMM,739d1a50de0db96d0d1a5dedf9cca09132fd47ded1b2fdda42fa40395c79a69e,0.017760,0.129695,HIGH_PIXEL_MATCH,REFERENCE_BASED,FULLY_RECORDED,,8d23c0dd01be130159eec540267ffba678a73e5a04026521ecf76edf945a2485
artifacts/luminae/src/assets/civilization/civilization-plate-surface-route-v1.jpg,ead37f405ddb8791ef6094bc2860c99f3e966c82158e649d6533e0c2538ae946,019feaf0-02f7-71b0-970e-38fd223cd3b2,call_Gbwpjf6k6QA4Y2pVlcPuTiqD,1327f7c01feab48325d198215d7c3167342cad1473110611b08ea52628ac4cde,0.016089,0.124318,HIGH_PIXEL_MATCH,REFERENCE_BASED,FULLY_RECORDED,,6d967c6af5ed4ad3fe6fe4fdd6e111b7992b83347eeb09d3fd7086f04b7179f0
artifacts/luminae/src/assets/civilization/civilization-plate-surface-v3-city.png,31b71a92d99b17c0570e28b6787bc0a9029384a38460ebcd2b7fcab93c51745b,019feaf0-02f7-71b0-970e-38fd223cd3b2,call_I7j92hAorGPC3mOOaVYPRur5,31b71a92d99b17c0570e28b6787bc0a9029384a38460ebcd2b7fcab93c51745b,0.000000,0.108713,EXACT_BINARY,REFERENCE_BASED,FULLY_RECORDED,,cc0fdd958d629c03d6031dd05eebd5dd74d7539032b21d50b58bfe7b5a042618
artifacts/luminae/src/assets/civilization/civilization-plate-surface-v3-city_runtime.webp,885b8b282b4cc75e0d63bdccf7607b35d36bedb1ec284ec6c8968ca200a936cc,019feaf0-02f7-71b0-970e-38fd223cd3b2,call_I7j92hAorGPC3mOOaVYPRur5,31b71a92d99b17c0570e28b6787bc0a9029384a38460ebcd2b7fcab93c51745b,0.012009,0.095426,HIGH_PIXEL_MATCH,REFERENCE_BASED,FULLY_RECORDED,,cc0fdd958d629c03d6031dd05eebd5dd74d7539032b21d50b58bfe7b5a042618
