"File","Tier","Affinity","Card Name","Lore"
"t1r01.png","Tier 1","Flare","Ignition Kernel","A planetary-scale planetary ignition / orbital forge component used by a predatory mutation ecology: hidden life erupts and consumes to alter a world, moon, orbit, biosphere, or crust without yet commanding a star."
"t1r02.png","Tier 1","Flare","Ashroot Bloom","A planetary-scale planetary ignition / orbital forge component used by a predatory mutation ecology: hidden life erupts and consumes to alter a world, moon, orbit, biosphere, or crust without yet commanding a star."
"t1r03.png","Tier 1","Flare","Chrono-Ember Core","A planetary-scale planetary ignition / orbital forge component used by a phoenix biosphere: life burns, remembers, and regrows to alter a world, moon, orbit, biosphere, or crust without yet commanding a star."
"t1r04.png","Tier 1","Flare","Causal Spark Coil","A planetary-scale planetary ignition / orbital forge component used by a phoenix industry / recurring ignition culture to alter a world, moon, orbit, biosphere, or crust without yet commanding a star."
"t1r05.png","Tier 1","Flare","Voidflare Containment Cell","A planetary-scale volatile-energy containment component used by an eclipse host civilization: concealed force revealed as weapon to alter a world, moon, orbit, biosphere, or crust without yet commanding a star."
"t1r06.png","Tier 1","Flare","Photosynthetic Wick","A planetary-scale worldforming / living infrastructure used by a phoenix biosphere: life burns, remembers, and regrows to alter a world, moon, orbit, biosphere, or crust without yet commanding a star."
"t1r07.png","Tier 1","Flare","Entropy Pyre Matrix","A planetary-scale planetary ignition / orbital forge component used by a predatory mutation ecology: hidden life erupts and consumes to alter a world, moon, orbit, biosphere, or crust without yet commanding a star."
"t1r08.png","Tier 1","Flare","Radiant Ignition Core","A planetary-scale planetary ignition / orbital forge component used by a solar forge / visible expansion culture to alter a world, moon, orbit, biosphere, or crust without yet commanding a star."
"t1s01.png","Tier 1","Continuum","Echo Splinter","A planetary-scale memory, identity, or deep-time archive used by a phoenix biosphere: life burns, remembers, and regrows to alter a world, moon, orbit, biosphere, or crust without yet commanding a star."
"t1s02.png","Tier 1","Continuum","Causal Ember Relay","A planetary-scale prediction / causal-computation instrument used by a phoenix biosphere: life burns, remembers, and regrows to alter a world, moon, orbit, biosphere, or crust without yet commanding a star."
"t1s03.png","Tier 1","Continuum","Null-Loop Anchor","A planetary-scale prediction / causal-computation instrument used by a black furnace civilization: catastrophe engines hidden across time to alter a world, moon, orbit, biosphere, or crust without yet commanding a star."
"t1s04.png","Tier 1","Continuum","Time-Crystal Scaffold","A planetary-scale memory, identity, or deep-time archive used by an eternal standard civilization: energy, law, and memory across eras to alter a world, moon, orbit, biosphere, or crust without yet commanding a star."
"t1s05.png","Tier 1","Continuum","Silent Recursion Engine","A planetary-scale memory, identity, or deep-time archive used by a hidden sun civilization: forbidden truth preserved until the age can bear it to alter a world, moon, orbit, biosphere, or crust without yet commanding a star."
"t1s06.png","Tier 1","Continuum","Living Chronicle","A planetary-scale worldforming / living infrastructure used by a phoenix biosphere: life burns, remembers, and regrows to alter a world, moon, orbit, biosphere, or crust without yet commanding a star."
"t1s07.png","Tier 1","Continuum","String-Scar Loom","A planetary-scale dimensional pressure / collapse component used by a black furnace civilization: catastrophe engines hidden across time to alter a world, moon, orbit, biosphere, or crust without yet commanding a star."
"t1s08.png","Tier 1","Continuum","Root Memory Vault","A planetary-scale worldforming / living infrastructure used by an ancestral ecology / living archive culture to alter a world, moon, orbit, biosphere, or crust without yet commanding a star."
"t1e01.png","Tier 1","Verdance","Replication Spore","A planetary-scale generative ecology / biosphere catalyst used by a phoenix biosphere: life burns, remembers, and regrows to alter a world, moon, orbit, biosphere, or crust without yet commanding a star."
"t1e02.png","Tier 1","Verdance","Voidroot Tap","A planetary-scale generative ecology / biosphere catalyst used by a buried ancestral biosphere: hidden life preserves deep memory to alter a world, moon, orbit, biosphere, or crust without yet commanding a star."
"t1e03.png","Tier 1","Verdance","Char Tendril","A planetary-scale generative ecology / biosphere catalyst used by a phoenix biosphere: life burns, remembers, and regrows to alter a world, moon, orbit, biosphere, or crust without yet commanding a star."
"t1e04.png","Tier 1","Verdance","Worldforming Seed","A planetary-scale generative ecology / biosphere catalyst used by an ancestral ecology / living archive culture to alter a world, moon, orbit, biosphere, or crust without yet commanding a star."
"t1e05.png","Tier 1","Verdance","Facetcell Shard","A planetary-scale planetary solar-harvesting / orbital photosynthetic infrastructure used by a solar bloom civilization: living expansion through radiant signal to alter a world, moon, orbit, biosphere, or crust without yet commanding a star."
"t1e06.png","Tier 1","Verdance","Decay Lattice","A planetary-scale generative ecology / biosphere catalyst used by a golden canopy civilization: living memory organized into shelter/order to alter a world, moon, orbit, biosphere, or crust without yet commanding a star."
"t1e07.png","Tier 1","Verdance","Lichen Vein","A planetary-scale worldforming / living infrastructure used by a veiled garden civilization: hidden life using beauty, healing, and selective revelation to alter a world, moon, orbit, biosphere, or crust without yet commanding a star."
"t1e08.png","Tier 1","Verdance","Necrobloom Bed","A planetary-scale generative ecology / biosphere catalyst used by a hidden biosphere / cryptobiotic ecology to alter a world, moon, orbit, biosphere, or crust without yet commanding a star."
"t1o01.png","Tier 1","Abyss","Entropy Veil","A planetary-scale erasure, entropy, or concealment system used by a buried ancestral biosphere: hidden life preserves deep memory to alter a world, moon, orbit, biosphere, or crust without yet commanding a star."
"t1o02.png","Tier 1","Abyss","Hawking Lantern","A planetary-scale horizon engineering / black-hole interface used by a hidden sun civilization: forbidden truth preserved until the age can bear it to alter a world, moon, orbit, biosphere, or crust without yet commanding a star."
"t1o03.png","Tier 1","Abyss","Ashen Hollow","A planetary-scale erasure, entropy, or concealment system used by a predatory mutation ecology: hidden life erupts and consumes to alter a world, moon, orbit, biosphere, or crust without yet commanding a star."
"t1o04.png","Tier 1","Abyss","Undergrowth Silencer","A planetary-scale generative ecology / biosphere catalyst used by a hidden biosphere / cryptobiotic ecology to alter a world, moon, orbit, biosphere, or crust without yet commanding a star."
"t1o05.png","Tier 1","Abyss","Scorch-Erasure Seal","A planetary-scale dimensional pressure / collapse component used by a black furnace civilization: catastrophe engines hidden across time to alter a world, moon, orbit, biosphere, or crust without yet commanding a star."
"t1o06.png","Tier 1","Abyss","Decay Network","A planetary-scale worldforming / living infrastructure used by a buried ancestral biosphere: hidden life preserves deep memory to alter a world, moon, orbit, biosphere, or crust without yet commanding a star."
"t1o07.png","Tier 1","Abyss","Absence Shard","A planetary-scale dimensional pressure / collapse component used by an eclipse host civilization: concealed force revealed as weapon to alter a world, moon, orbit, biosphere, or crust without yet commanding a star."
"t1o08.png","Tier 1","Abyss","Temporal Erasure Seal","A planetary-scale prediction / causal-computation instrument used by a black archive / sleeper civilization to alter a world, moon, orbit, biosphere, or crust without yet commanding a star."
"t1p01.png","Tier 1","Radiance","Correction Seed","A planetary-scale coherent computation / ascension substrate used by an eternal standard civilization: energy, law, and memory across eras to alter a world, moon, orbit, biosphere, or crust without yet commanding a star."
"t1p02.png","Tier 1","Radiance","Still-Point Shard","A planetary-scale erasure, entropy, or concealment system used by a hidden sun civilization: forbidden truth preserved until the age can bear it to alter a world, moon, orbit, biosphere, or crust without yet commanding a star."
"t1p03.png","Tier 1","Radiance","Prismatic Hollow","A planetary-scale dimensional pressure / collapse component used by a solar bloom civilization: living expansion through radiant signal to alter a world, moon, orbit, biosphere, or crust without yet commanding a star."
"t1p04.png","Tier 1","Radiance","Magnetic Bottle","A planetary-scale planetary ignition / orbital forge component used by a solar forge / visible expansion culture to alter a world, moon, orbit, biosphere, or crust without yet commanding a star."
"t1p05.png","Tier 1","Radiance","Recursive Lens","A planetary-scale prediction / causal-computation instrument used by a civic archive / lawful continuity culture to alter a world, moon, orbit, biosphere, or crust without yet commanding a star."
"t1p06.png","Tier 1","Radiance","Living Lattice Node","A planetary-scale worldforming / living infrastructure used by a solar bloom civilization: living expansion through radiant signal to alter a world, moon, orbit, biosphere, or crust without yet commanding a star."
"t1p07.png","Tier 1","Radiance","Void Prism","A planetary-scale erasure, entropy, or concealment system used by a veiled garden civilization: hidden life using beauty, healing, and selective revelation to alter a world, moon, orbit, biosphere, or crust without yet commanding a star."
"t1p08.png","Tier 1","Radiance","Petrified Bloom","A planetary-scale worldforming / living infrastructure used by a sacred garden / civic ecology to alter a world, moon, orbit, biosphere, or crust without yet commanding a star."
"t2r01.png","Tier 2","Flare","Stellar Crucible","A stellar-scale stellar ignition / starforge component used by a black furnace civilization: catastrophe engines hidden across time to coordinate a star, heliosphere, or inhabited system."
"t2r02.png","Tier 2","Flare","Biomass Ignition Array","A stellar-scale stellar ignition / starforge component used by a predatory mutation ecology: hidden life erupts and consumes to coordinate a star, heliosphere, or inhabited system."
"t2r03.png","Tier 2","Flare","Starlift Array","A stellar-scale stellar harvesting / living solar infrastructure used by a solar forge / visible expansion culture to coordinate a star, heliosphere, or inhabited system."
"t2r04.png","Tier 2","Flare","Photosynthetic Furnace","A stellar-scale star-system ecology / interplanetary living infrastructure used by a solar bloom civilization: living expansion through radiant signal to coordinate a star, heliosphere, or inhabited system."
"t2r05.png","Tier 2","Flare","Causality Furnace","A stellar-scale stellar ignition / starforge component used by a black furnace civilization: catastrophe engines hidden across time to coordinate a star, heliosphere, or inhabited system."
"t2r06.png","Tier 2","Flare","Entropic Star Core","A stellar-scale stellar ignition / starforge component used by a black furnace / hidden eruption culture to coordinate a star, heliosphere, or inhabited system."
"t2s01.png","Tier 2","Continuum","Interstice Gate","A stellar-scale transit / signal relay infrastructure used by a phoenix biosphere: life burns, remembers, and regrows to coordinate a star, heliosphere, or inhabited system."
"t2s02.png","Tier 2","Continuum","Stellar Archive","A stellar-scale stellar archive / system-scale memory infrastructure used by a black furnace civilization: catastrophe engines hidden across time to coordinate a star, heliosphere, or inhabited system."
"t2s03.png","Tier 2","Continuum","Simulation Loom","A stellar-scale stellar prediction / heliospheric causal-computation instrument used by a civic archive / lawful continuity culture to coordinate a star, heliosphere, or inhabited system."
"t2s04.png","Tier 2","Continuum","Continuity Vessel","A stellar-scale stellar archive / system-scale memory infrastructure used by a golden canopy civilization: living memory organized into shelter/order to coordinate a star, heliosphere, or inhabited system."
"t2s05.png","Tier 2","Continuum","Mnemosyne Star-Index","A stellar-scale stellar archive / system-scale memory infrastructure used by a phoenix industry / recurring ignition culture to coordinate a star, heliosphere, or inhabited system."
"t2s06.png","Tier 2","Continuum","Singularity Lens","A stellar-scale volatile-energy containment component used by a black furnace civilization: catastrophe engines hidden across time to coordinate a star, heliosphere, or inhabited system."
"t2e01.png","Tier 2","Verdance","Starlift Worldroot","A stellar-scale stellar ecology / system biosphere catalyst used by a phoenix biosphere: life burns, remembers, and regrows to coordinate a star, heliosphere, or inhabited system."
"t2e02.png","Tier 2","Verdance","Circumstellar Temporal Grove","A stellar-scale star-system ecology / interplanetary living infrastructure used by a phoenix biosphere: life burns, remembers, and regrows to coordinate a star, heliosphere, or inhabited system."
"t2e03.png","Tier 2","Verdance","Abyssal Star-Garden","A stellar-scale stellar ecology / system biosphere catalyst used by a hidden biosphere / cryptobiotic ecology to coordinate a star, heliosphere, or inhabited system."
"t2e04.png","Tier 2","Verdance","Interplanetary Mycelial Relay","A stellar-scale star-system ecology / interplanetary living infrastructure used by a buried ancestral biosphere: hidden life preserves deep memory to coordinate a star, heliosphere, or inhabited system."
"t2e05.png","Tier 2","Verdance","Living Epoch Engine","A stellar-scale star-system ecology / interplanetary living infrastructure used by an ancestral ecology / living archive culture to coordinate a star, heliosphere, or inhabited system."
"t2e06.png","Tier 2","Verdance","Crystal Biome","A stellar-scale star-system ecology / interplanetary living infrastructure used by a solar bloom civilization: living expansion through radiant signal to coordinate a star, heliosphere, or inhabited system."
"t2o01.png","Tier 2","Abyss","Horizon Extractor","A stellar-scale horizon engineering / black-hole interface used by a veiled garden civilization: hidden life using beauty, healing, and selective revelation to coordinate a star, heliosphere, or inhabited system."
"t2o02.png","Tier 2","Abyss","Radiant Erasure Vault","A stellar-scale stellar concealment / system entropy-control infrastructure used by a veiled garden civilization: hidden life using beauty, healing, and selective revelation to coordinate a star, heliosphere, or inhabited system."
"t2o03.png","Tier 2","Abyss","Entropic Furnace","A stellar-scale stellar concealment / system entropy-control infrastructure used by a black furnace / hidden eruption culture to coordinate a star, heliosphere, or inhabited system."
"t2o04.png","Tier 2","Abyss","Extinction Forge","A stellar-scale stellar dimensional-pressure / collapse component used by a predatory mutation ecology: hidden life erupts and consumes to coordinate a star, heliosphere, or inhabited system."
"t2o05.png","Tier 2","Abyss","Eventide Ecology Engine","A stellar-scale stellar ecology / system biosphere catalyst used by a hidden biosphere / cryptobiotic ecology to coordinate a star, heliosphere, or inhabited system."
"t2o06.png","Tier 2","Abyss","Dimensional Shear","A stellar-scale stellar dimensional-pressure / collapse component used by a black furnace civilization: catastrophe engines hidden across time to coordinate a star, heliosphere, or inhabited system."
"t2p01.png","Tier 2","Radiance","Containment Lattice","A stellar-scale stellar ignition / starforge component used by an eternal standard civilization: energy, law, and memory across eras to coordinate a star, heliosphere, or inhabited system."
"t2p02.png","Tier 2","Radiance","Null-Convergence Prism","A stellar-scale stellar dimensional-pressure / collapse component used by a hidden sun civilization: forbidden truth preserved until the age can bear it to coordinate a star, heliosphere, or inhabited system."
"t2p03.png","Tier 2","Radiance","Heliospheric Living Lattice","A stellar-scale star-system ecology / interplanetary living infrastructure used by a sacred garden / civic ecology to coordinate a star, heliosphere, or inhabited system."
"t2p04.png","Tier 2","Radiance","Heliostat Lattice","A stellar-scale stellar harvesting / living solar infrastructure used by an eternal standard civilization: energy, law, and memory across eras to coordinate a star, heliosphere, or inhabited system."
"t2p05.png","Tier 2","Radiance","Error-Correcting Core","A stellar-scale nested computation / stellar shell component used by a civic / coherence society; survives by revelation, order, and shared signal to coordinate a star, heliosphere, or inhabited system."
"t2p06.png","Tier 2","Radiance","Orbital Biosphere Prism","A stellar-scale star-system ecology / interplanetary living infrastructure used by a golden canopy civilization: living memory organized into shelter/order to coordinate a star, heliosphere, or inhabited system."
"t3r01.png","Tier 3","Flare","Galactic Ignition Reliquary","A galactic-scale stellar ignition / starforge component used by an eclipse host civilization: concealed force revealed as weapon to bind many star systems into one civilization-scale infrastructure."
"t3r02.png","Tier 3","Flare","Spiral-Arm Extinction Furnace","A galactic-scale stellar ignition / starforge component used by a predatory mutation ecology: hidden life erupts and consumes to bind many star systems into one civilization-scale infrastructure."
"t3r03.png","Tier 3","Flare","Galactic Temporal Conflagration Engine","A galactic-scale stellar ignition / starforge component used by a black furnace civilization: catastrophe engines hidden across time to bind many star systems into one civilization-scale infrastructure."
"t3r04.png","Tier 3","Flare","Seed-Galaxy Biosphere Crucible","A galactic-scale stellar ignition / starforge component used by a predatory mutation ecology: hidden life erupts and consumes to bind many star systems into one civilization-scale infrastructure."
"t3s01.png","Tier 3","Continuum","Galactic Wormgate Spine","A galactic-scale transit / signal relay infrastructure used by an eternal standard civilization: energy, law, and memory across eras to bind many star systems into one civilization-scale infrastructure."
"t3s02.png","Tier 3","Continuum","Spiral Recursion Engine","A galactic-scale stellar ignition / starforge component used by a black furnace civilization: catastrophe engines hidden across time to bind many star systems into one civilization-scale infrastructure."
"t3s03.png","Tier 3","Continuum","Galactic Extinction Archive","A galactic-scale galactic archive / civilization memory substrate used by a phoenix biosphere: life burns, remembers, and regrows to bind many star systems into one civilization-scale infrastructure."
"t3s04.png","Tier 3","Continuum","Galactic Temporal Crownwork","A galactic-scale galactic archive / civilization memory substrate used by an eternal standard civilization: energy, law, and memory across eras to bind many star systems into one civilization-scale infrastructure."
"t3e01.png","Tier 3","Verdance","Worldroot Starweb","A galactic-scale galactic ecology / distributed living infrastructure used by a golden canopy civilization: living memory organized into shelter/order to bind many star systems into one civilization-scale infrastructure."
"t3e02.png","Tier 3","Verdance","Galactic Overgrowth","A galactic-scale galactic biosphere-seeding catalyst used by a phoenix biosphere: life burns, remembers, and regrows to bind many star systems into one civilization-scale infrastructure."
"t3e03.png","Tier 3","Verdance","Galactic Necrobiome","A galactic-scale galactic biosphere-seeding catalyst used by a buried ancestral biosphere: hidden life preserves deep memory to bind many star systems into one civilization-scale infrastructure."
"t3e04.png","Tier 3","Verdance","Biosphere Crownwork Network","A galactic-scale galactic biosphere-seeding catalyst used by a phoenix biosphere: life burns, remembers, and regrows to bind many star systems into one civilization-scale infrastructure."
"t3o01.png","Tier 3","Abyss","Worldroot Entropy Web","A galactic-scale galactic concealment / entropy-governance system used by a buried ancestral biosphere: hidden life preserves deep memory to bind many star systems into one civilization-scale infrastructure."
"t3o02.png","Tier 3","Abyss","Biosphere Collapse Network","A galactic-scale galactic biosphere-seeding catalyst used by a buried ancestral biosphere: hidden life preserves deep memory to bind many star systems into one civilization-scale infrastructure."
"t3o03.png","Tier 3","Abyss","Ordered Silence Network","A galactic-scale galactic concealment / entropy-governance system used by an eclipse host civilization: concealed force revealed as weapon to bind many star systems into one civilization-scale infrastructure."
"t3o04.png","Tier 3","Abyss","Galactic Void Crownwork","A galactic-scale galactic concealment / entropy-governance system used by a buried ancestral biosphere: hidden life preserves deep memory to bind many star systems into one civilization-scale infrastructure."
"t3p01.png","Tier 3","Radiance","Galactic Void Lattice","A galactic-scale galactic void-lane / dimensional-pressure infrastructure used by an eclipse host civilization: concealed force revealed as weapon to bind many star systems into one civilization-scale infrastructure."
"t3p02.png","Tier 3","Radiance","Computronium Star-Cloud","A galactic-scale distributed star-shell computation network used by a solar bloom civilization: living expansion through radiant signal to bind many star systems into one civilization-scale infrastructure."
"t3p03.png","Tier 3","Radiance","Matrioshka Swarm-Crown","A galactic-scale distributed stellar-harvesting network used by a solar bloom civilization: living expansion through radiant signal to bind many star systems into one civilization-scale infrastructure."
"t3p04.png","Tier 3","Radiance","Galactic Coherence Crownwork","A galactic-scale galactic computation / ascension substrate used by a hidden sun civilization: forbidden truth preserved until the age can bear it to bind many star systems into one civilization-scale infrastructure."